ARTICULO;UBICACIÓN 
592;10-05-01-01
595;12-19-01-01
622;01-04-01-01
836;01-02-01-01
7245;04-30-01-03
7248;04-24-01-03
7254;04-30-01-02
7266;03-22-01-03
7280;04-18-01-01
7491;05-01-01-01
7492;05-03-01-01
7493;06-33-01-01
7585;03-09-01-01
7602;03-10-01-01
7614;04-21-01-01
7680;03-24-01-04
7686;03-24-01-03
7702;04-30-01-01
7788;04-35-01-03
7789;04-27-01-04
7790;04-28-01-01
7792;04-23-01-02
7794;04-23-01-03
7795;04-28-01-03
7796;04-23-01-01
7797;04-28-01-04
7798;04-29-01-01
7799;04-36-01-02
7801;04-20-01-01
7802;04-27-01-03
7803;04-17-01-01
7825;03-26-01-03
7840;17-01-01-166
7842;04-21-01-04
7845;04-22-01-01
7848;03-28-01-02
7850;17-01-01-165
7851;18-08-01-03
7854;17-01-01-164
7860;03-23-01-01
7863;03-02-01-04
7864;03-03-01-01
7865;03-03-01-02
7866;04-30-01-04
7869;17-01-01-161
7919;03-17-01-02
7996;04-21-01-03
9021;03-24-01-01
9030;04-25-01-02
9033;04-25-01-01
254478;17-01-01-141
268113;17-01-01-142
268142;17-01-01-125
268175;17-01-01-113
268407;17-01-01-120
268408;17-01-01-121
268533;17-01-01-144
268534;02-15-01-03
268758;17-01-01-148
268759;17-01-01-126
268820;17-01-01-112
268840;17-01-01-132
268841;17-01-01-133
268983;17-01-01-135
268987;17-01-01-122
268988;17-01-01-124
268991;17-01-01-139
269006;17-01-01-116
269080;17-01-01-118
269098;17-01-01-127
269169;06-01-01-01
269184;17-01-01-159
269211;17-01-01-114
269236;17-01-01-152
269243;17-01-01-158
269244;17-01-01-137
269245;17-01-01-138
269364;17-01-01-153
269443;17-01-01-119
269483;17-01-01-150
269484;17-01-01-151
269511;17-01-01-155
269512;17-01-01-156
269513;17-01-01-157
269623;17-01-01-131
269624;17-01-01-129
269625;17-01-01-128
269626;17-01-01-130
269658;17-01-01-145
269659;17-01-01-146
269661;17-01-01-134
269662;17-01-01-123
269666;17-01-01-147
269685;17-01-01-115
269694;17-01-01-149
269719;17-01-01-136
269720;17-01-01-143
269721;17-01-01-140
269723;17-01-01-154
442001;17-01-01-42
442002;17-01-01-14
442017;17-01-01-192
442023;17-01-01-195
442026;17-01-01-05
442029;17-01-01-02
442041;17-01-01-04
442064;17-01-01-15
442068;17-01-01-11
442071;17-01-01-32
442073;17-01-01-37
442074;17-01-01-39
442076;17-01-01-43
442077;17-01-01-44
442080;17-01-01-202
442084;17-01-01-230
442088;17-01-01-237
442092;17-01-01-23
442093;17-01-01-21
442104;17-01-01-216
442111;17-01-01-33
442125;17-01-01-13
442245;17-01-01-41
442275;17-01-01-171
442277;18-05-01-01
442280;17-01-01-207
442283;17-01-01-189
442287;17-01-01-40
442296;17-01-01-27
442298;18-07-01-01
442311;17-01-01-172
442318;17-01-01-196
442319;17-01-01-24
442324;17-01-01-193
442325;17-01-01-194
442326;17-01-01-191
442343;17-01-01-205
442344;17-01-01-206
442346;17-01-01-241
442350;17-01-01-12
442354;17-01-01-10
442355;17-01-01-204
442357;17-01-01-203
442360;17-01-01-09
442362;17-01-01-218
442363;17-01-01-217
442364;17-01-01-225
442365;17-01-01-07
442369;17-01-01-08
442371;17-01-01-26
442372;17-01-01-226
442376;17-01-01-03
442377;17-01-01-06
442378;17-01-01-18
442379;17-01-01-29
442380;18-03-01-01
442381;17-01-01-30
442382;17-01-01-28
442383;17-01-01-31
442388;17-01-01-38
442389;17-01-01-173
442392;17-01-01-16
442396;17-01-01-215
442398;17-01-01-219
442399;17-01-01-228
442400;17-01-01-235
442401;17-01-01-236
442402;17-01-01-229
442403;17-01-01-234
442404;17-01-01-240
442405;17-01-01-247
442406;17-01-01-186
442407;17-01-01-238
442408;17-01-01-233
442409;17-01-01-187
442410;17-01-01-188
442411;17-01-01-201
442412;17-01-01-174
442414;17-01-01-01
442415;17-01-01-22
442416;17-01-01-25
442417;17-01-01-36
442418;17-01-01-17
442419;17-01-01-242
442420;17-01-01-243
442421;17-01-01-211
442423;17-01-01-250
442425;17-01-01-251
443006;17-01-01-45
443012;17-01-01-48
443020;17-01-01-52
443021;17-01-01-63
443027;17-01-01-51
443028;17-01-01-57
443029;17-01-01-58
443033;17-01-01-62
443034;17-01-01-64
443035;17-01-01-65
443043;17-01-01-77
443046;17-01-01-79
443067;17-01-01-102
443069;17-01-01-104
443075;17-01-01-107
443076;17-01-01-108
443104;17-01-01-46
443130;17-01-01-67
443131;17-01-01-100
443134;17-01-01-87
443137;17-01-01-94
443147;17-01-01-59
443153;17-01-01-69
443156;17-01-01-75
443157;17-01-01-74
443170;17-01-01-86
443171;17-01-01-85
443172;17-01-01-84
443173;17-01-01-50
443174;17-01-01-95
443175;17-01-01-96
443178;17-01-01-66
443179;17-01-01-80
443184;17-01-01-49
443186;17-01-01-101
443189;17-01-01-47
443191;17-01-01-105
443192;17-01-01-106
443193;17-01-01-53
443199;17-01-01-68
443202;17-01-01-103
443205;17-01-01-111
443206;17-01-01-110
443207;17-01-01-109
443214;17-01-01-61
443215;17-01-01-54
443216;17-01-01-76
443217;17-01-01-82
445209;02-23-01-01
445225;02-12-01-01
445226;02-15-01-02
445227;02-15-01-01
445294;02-13-01-01
445328;02-13-01-02
445335;17-01-01-89
445407;02-26-01-01
445426;17-01-01-197
445427;17-01-01-198
445431;17-01-01-227
445433;17-01-01-208
445436;17-01-01-199
445455;02-19-01-03
445457;02-20-01-01
445460;02-20-01-04
445471;02-18-01-03
445472;02-18-01-04
445473;02-19-01-01
445491;02-10-01-01
445492;02-14-01-02
445503;02-07-01-01
445507;17-01-01-178
445508;17-01-01-181
445509;17-01-01-180
445510;17-01-01-179
445520;02-27-01-01
445554;02-25-01-01
445556;02-17-01-01
445558;17-01-01-232
445560;18-08-01-01
445567;17-01-01-190
445580;02-32-01-01
445591;02-10-01-04
445593;02-22-01-01
445596;02-22-01-02
445598;02-20-01-02
445673;02-10-01-02
445678;17-01-01-245
445696;18-02-01-01
445709;02-09-01-02
445727;02-04-01-01
445743;02-03-01-01
445755;02-28-01-01
445759;02-32-01-02
445761;02-02-01-01
445767;17-01-01-177
445770;02-01-01-02
445774;02-01-01-01
445777;17-01-01-213
445783;02-14-01-01
445785;02-35-01-02
445789;02-19-01-04
445792;17-01-01-20
445799;17-01-01-19
445810;02-17-01-03
445811;02-29-01-01
445813;02-09-01-03
445847;02-33-01-02
445851;17-01-01-246
445855;02-20-01-03
445856;02-07-01-02
445861;18-01-01-01
445867;17-01-01-200
445871;18-07-01-02
445873;02-17-01-02
445877;02-22-01-03
445879;02-06-01-02
445880;02-22-01-04
445882;02-05-01-01
445897;02-24-01-01
445900;17-01-01-175
445902;02-18-01-01
445928;18-04-01-01
445940;02-38-01-01
445975;17-01-01-231
445982;02-13-01-04
445988;17-01-01-249
445989;17-01-01-221
446047;17-01-01-78
446096;17-01-01-92
446115;17-01-01-93
446117;17-01-01-71
446121;17-01-01-55
446127;17-01-01-56
446156;17-01-01-91
446169;17-01-01-81
446172;17-01-01-70
446185;17-01-01-90
446200;17-01-01-88
446207;17-01-01-98
446216;17-01-01-97
447005;02-16-01-01
447006;02-16-01-02
447007;02-16-01-03
447008;02-08-01-01
447009;02-13-01-03
447010;02-11-01-01
447019;02-06-01-01
447032;17-01-01-223
447033;02-21-01-02
447034;17-01-01-176
447036;02-21-01-01
447042;13-11-01-01
447043;13-13-01-01
447044;13-12-01-01
447045;02-18-01-02
447049;17-01-01-214
447051;02-31-01-01
447053;02-35-01-01
447054;02-19-01-02
447056;17-01-01-212
447057;17-01-01-220
447058;02-33-01-01
447063;18-16-01-01
447064;18-14-01-01
447065;18-15-01-01
447066;02-14-01-03
447067;17-01-01-210
447068;17-01-01-209
447069;17-01-01-222
447070;17-01-01-239
447073;02-10-01-03
447075;02-34-01-01
447076;02-34-01-02
447077;02-35-01-03
447081;02-21-01-03
447082;02-37-01-01
447083;02-08-01-03
447084;02-08-01-02
447085;02-30-01-01
447086;02-36-01-02
447087;02-36-01-01
447088;02-09-01-01
447089;02-36-01-03
447106;01-32-01-01
447107;01-30-01-01
447108;01-31-01-01
450010;12-20-01-01
450061;01-03-01-01
450112;06-32-01-01
450133;11-32-01-01
450139;05-22-01-01
450189;13-01-01-01
450197;01-07-01-01
450231;10-07-01-01
450235;11-25-01-01
450237;11-34-01-01
450255;13-08-01-01
450285;05-28-01-01
450295;06-06-01-01
450298;11-18-01-01
450299;11-12-01-01
450302;06-38-01-02
450320;12-24-01-01
450325;06-10-01-01
450328;12-22-01-01
450329;12-23-01-01
450330;06-19-01-01
450336;06-05-01-01
450352;12-28-01-01
450356;13-03-01-01
450360;11-24-01-01
450363;06-37-01-02
450402;05-26-01-01
450403;06-03-01-01
450404;12-31-01-01
450415;05-35-01-01
450417;10-06-01-01
450426;06-31-01-01
450432;01-08-01-01
450458;01-05-01-01
450470;16-36-01-02
450472;11-27-01-01
450477;06-37-01-01
450478;05-05-01-02
450509;05-34-01-01
450520;13-02-01-02
450525;13-02-01-01
450526;12-35-01-01
450531;11-26-01-01
450536;11-23-01-01
450544;11-22-01-01
450547;01-09-01-01
450551;01-11-01-01
450554;12-30-01-01
450555;06-18-01-01
450557;05-05-01-03
450569;05-30-01-01
450576;01-15-01-01
450577;01-16-01-01
450581;01-06-01-01
450583;12-06-01-01
450590;12-32-01-01
450592;11-35-01-01
450600;12-29-01-01
450602;11-21-01-01
450603;06-11-01-01
450604;10-03-01-01
450605;10-04-01-01
450606;10-02-01-01
450607;10-01-01-01
450616;06-08-01-01
450617;12-33-01-01
450637;01-20-01-01
450651;06-14-01-01
450660;11-07-01-01
450663;05-02-01-02
450673;12-14-01-02
450684;11-36-01-01
450690;12-21-01-01
450691;06-28-01-01
450692;12-25-01-01
450704;06-13-01-01
450736;11-19-01-01
450737;11-06-01-01
450746;11-33-01-01
450749;05-20-01-01
450754;11-14-01-01
450756;11-13-01-01
450758;01-13-01-01
450762;01-12-01-01
450768;05-29-01-01
450773;12-26-01-01
450774;05-01-01-02
450781;13-06-01-01
450831;11-08-01-01
450850;11-30-01-01
450851;11-31-01-01
450853;05-02-01-01
450855;11-10-01-01
450859;06-34-01-01
450863;05-27-01-01
450874;06-29-01-01
450875;05-33-01-01
450876;05-31-01-01
450880;05-09-01-01
450881;05-11-01-01
450883;17-01-01-117
450900;12-13-01-01
450916;11-11-01-01
450933;06-38-01-01
450934;05-04-01-02
450939;06-26-01-02
450940;06-27-01-02
450941;06-27-01-01
450943;06-26-01-01
450944;13-15-01-03
451066;01-17-01-01
451081;05-38-01-01
451084;05-23-01-01
451085;05-04-01-01
451105;11-01-01-01
451106;12-02-01-01
451107;06-16-01-01
451108;12-07-01-01
451109;13-06-01-02
451112;11-29-01-01
451120;12-11-01-01
451121;12-12-01-01
451122;06-09-01-01
451136;05-14-01-01
451138;06-22-01-02
451152;12-03-01-01
451158;12-05-01-02
451184;12-36-01-01
451200;06-07-01-01
451201;12-04-01-01
451216;05-19-01-01
451224;11-09-01-01
451238;12-12-01-02
451239;12-11-01-02
451243;06-20-01-01
451245;10-08-01-01
451247;06-21-01-01
451267;13-03-01-02
451269;05-21-01-01
451290;13-07-01-01
451293;05-13-01-01
451298;06-23-01-01
451299;06-23-01-02
451300;06-24-01-01
451302;06-24-01-02
451304;05-17-01-01
451305;05-16-01-01
451306;05-15-01-02
451308;05-16-01-02
451363;05-24-01-01
451370;12-02-01-02
451371;01-10-01-01
451374;12-05-01-01
451377;05-15-01-01
451381;11-38-01-01
451386;05-32-01-01
451394;11-05-01-01
451395;11-02-01-01
451403;11-15-01-01
451404;11-28-01-01
451405;06-35-01-01
451407;05-37-01-01
451410;05-36-01-01
451419;05-07-01-01
451420;13-04-01-02
451421;13-04-01-01
451422;13-05-01-02
451423;13-05-01-01
451429;12-27-01-01
451430;11-03-01-01
451431;12-04-01-02
451432;12-07-01-02
451433;12-03-01-02
451451;05-12-01-01
451453;11-16-01-01
451455;12-06-01-02
451456;06-17-01-01
451470;01-18-01-01
451480;05-25-01-01
451483;12-34-01-01
451488;12-15-01-01
451491;13-14-01-01
451496;12-09-01-01
451498;12-16-01-01
451500;11-37-01-01
451502;12-09-01-02
451504;12-14-01-01
451506;12-10-01-01
451512;06-36-01-01
451513;12-37-01-01
451514;06-12-01-01
451519;12-38-01-01
451521;12-01-01-01
451523;05-18-01-01
451526;13-09-01-01
451527;13-10-01-01
451533;11-17-01-01
451535;12-13-01-02
451536;13-07-01-02
451537;13-08-01-02
451538;12-10-01-02
451540;06-25-01-01
451541;06-25-01-02
451548;11-04-01-01
451549;11-20-01-01
451551;05-06-01-01
451553;06-15-01-01
451554;12-17-01-01
451555;06-22-01-01
470017;17-01-01-182
470019;17-01-01-185
470021;17-01-01-34
470022;17-01-01-35
470023;17-01-01-224
470025;17-01-01-183
470026;18-06-01-01
470027;17-01-01-184
470500;17-01-01-72
470501;17-01-01-73
470503;17-01-01-60
470504;17-01-01-83
470505;17-01-01-99
604509;05-05-01-01
604581;06-30-01-01
604582;05-03-01-02
604926;01-14-01-01
700004;04-19-01-01
700018;03-27-01-01
700036;04-28-01-02
700039;04-04-01-01
700040;04-10-01-04
700041;04-06-01-01
700042;04-03-01-01
700043;04-11-01-01
700053;04-26-01-01
700055;04-25-01-04
700057;04-26-01-02
700058;04-22-01-03
700153;03-32-01-02
700154;03-32-01-03
700155;03-32-01-01
700156;03-32-01-04
700170;04-35-01-04
700191;04-33-01-02
700206;04-36-01-03
700214;03-14-01-01
700215;03-06-01-02
700218;04-32-01-04
700219;04-32-01-03
700225;03-29-01-02
700229;03-31-01-04
700230;03-23-01-04
700250;03-29-01-01
700271;04-10-01-01
700272;03-24-01-02
700287;04-13-01-03
700288;04-13-01-02
700292;03-31-01-02
700293;03-31-01-01
700309;04-32-01-02
700326;03-22-01-02
700329;04-25-01-03
700330;04-22-01-04
700342;03-28-01-04
700356;03-13-01-04
700375;04-16-01-04
700376;04-16-01-03
700381;03-09-01-03
700387;03-12-01-02
700391;03-23-01-02
700393;03-06-01-03
700396;04-31-01-02
700397;04-33-01-03
700398;04-37-01-03
700399;04-38-01-01
700400;04-37-01-02
700401;04-37-01-04
700402;04-36-01-04
700403;04-37-01-01
700404;04-29-01-04
700407;03-30-01-04
700409;03-05-01-03
700423;04-31-01-01
700425;03-30-01-02
700426;17-01-01-163
700431;04-31-01-03
700433;04-31-01-04
700438;04-29-01-03
700439;04-29-01-02
700445;03-03-01-03
700447;03-03-01-04
700448;03-04-01-01
700450;03-31-01-03
700452;04-38-01-04
700453;04-38-01-02
700454;04-38-01-03
700455;03-01-01-01
700456;03-26-01-02
700476;04-24-01-04
700483;04-14-01-04
700509;03-09-01-02
700516;03-15-01-04
700517;03-15-01-03
700521;03-04-01-02
700522;03-04-01-04
700524;04-10-01-02
700525;03-02-01-02
700526;13-15-01-01
700533;04-05-01-01
700534;03-01-01-03
700535;03-19-01-01
700536;04-09-01-02
700537;03-05-01-01
700538;04-12-01-01
700539;03-06-01-04
700540;04-09-01-01
700555;03-25-01-02
700556;03-25-01-01
700557;04-15-01-02
700558;04-14-01-01
700559;04-15-01-04
700560;04-12-01-04
700561;04-11-01-04
700562;04-13-01-01
700563;03-37-01-01
700564;03-36-01-01
700565;03-38-01-02
700567;04-12-01-02
700568;04-12-01-03
700569;03-25-01-03
700570;03-26-01-01
700571;04-14-01-02
700572;04-15-01-01
700573;04-11-01-03
700574;04-11-01-02
700575;03-35-01-01
700576;03-07-01-01
700577;04-36-01-01
700583;03-26-01-04
700584;03-27-01-03
700586;03-28-01-01
700588;17-01-01-169
700589;03-12-01-03
700592;03-11-01-02
700593;03-10-01-04
700608;04-16-01-02
700609;04-16-01-01
700611;03-12-01-04
700612;03-28-01-03
700613;03-27-01-04
700634;17-01-01-167
700637;18-08-01-02
700638;17-01-01-170
700659;03-34-01-01
700660;03-34-01-02
700668;03-34-01-03
700677;04-24-01-01
700679;03-18-01-04
700680;03-12-01-01
700682;03-18-01-01
700683;03-17-01-04
700684;03-17-01-03
700686;03-17-01-01
700687;03-09-01-04
700688;03-18-01-02
700690;04-15-01-03
700691;03-38-01-01
700692;04-27-01-02
700693;04-27-01-01
700694;04-26-01-04
700695;04-35-01-01
700696;04-34-01-03
700697;04-35-01-02
700698;04-34-01-04
700699;04-34-01-01
700700;04-33-01-04
700701;04-34-01-02
700702;03-19-01-02
700703;03-19-01-04
700704;03-19-01-03
700705;03-16-01-04
700706;03-16-01-03
700707;03-16-01-02
700713;04-14-01-03
700756;04-21-01-02
700762;17-01-01-168
700771;03-22-01-04
700794;03-10-01-03
700802;03-06-01-01
700803;03-22-01-01
700804;17-01-01-162
700805;03-15-01-01
700806;03-15-01-02
700808;03-01-01-02
700809;04-02-01-01
700810;03-13-01-01
700815;04-22-01-02
700817;17-01-01-160
700818;03-10-01-02
700820;03-29-01-03
700823;03-23-01-03
700824;17-01-01-244
700826;03-34-01-04
700841;13-16-01-03
700901;04-23-01-04
700902;04-24-01-02
700904;04-32-01-01
700905;03-30-01-01
700910;03-16-01-01
700911;04-33-01-01
700915;04-26-01-03
700916;03-05-01-02
700917;03-05-01-04
700919;03-29-01-04
700921;03-30-01-03
701003;03-11-01-04
701004;03-27-01-02
701005;03-18-01-03
701008;03-13-01-02
701009;04-07-01-01
701010;03-02-01-03
701011;03-02-01-01
701012;04-10-01-03
701013;03-13-01-03
701014;03-14-01-02
701018;03-20-01-04
701019;03-20-01-03
701020;03-04-01-03
701103;13-15-01-02
701104;13-16-01-02
701105;13-16-01-01
701106;04-01-01-01
701107;04-08-01-01
701108;03-01-01-04
701109;13-17-01-01
701110;13-17-01-02
701111;13-17-01-03
845621;03-20-01-02
845628;03-14-01-03
845629;03-21-01-01
846148;03-20-01-01
846151;03-11-01-01
846152;03-21-01-04
846209;03-14-01-04
846216;03-21-01-03
846218;03-21-01-02
846302;03-11-01-03
ET10057;15-05-01-01
ET10073;16-17-01-01
ET10146;16-30-01-01
ET10162;14-19-01-01
ET10189;16-27-01-01
ET1057K;16-38-01-02
ET11088;16-34-01-02
ET1124K;07-12-01-01
ET11525;09-13-01-01
ET11754;10-29-01-01
ET11886;10-17-01-01
ET12378;09-14-01-01
ET12580;07-09-01-01
ET1267K;07-07-01-01
ET12831;16-32-01-02
ET1284K;15-16-01-01
ET13072;10-10-01-01
ET13226;08-36-01-01
ET13250;15-01-01-01
ET13277;15-09-01-01
ET13404;13-22-01-01
ET1365K;10-21-01-01
ET14486;14-05-01-01
ET14737;07-15-01-01
ET15105;16-33-01-01
ET15881;07-19-01-01
ET16004;07-01-01-01
ET16012;07-13-01-01
ET16020;07-05-01-01
ET16039;07-03-01-01
ET16047;07-08-01-01
ET16217;15-19-01-01
ET16535;08-38-01-01
ET16543;08-37-01-01
ET16578;08-33-01-01
ET16748;13-25-01-01
ET17108;13-21-01-01
ET17124;13-19-01-01
ET17140;13-24-01-01
ET17159;13-23-01-01
ET17167;13-26-01-01
ET17175;13-32-01-01
ET17191;13-28-01-01
ET17213;13-31-01-01
ET17272;10-13-01-01
ET17280;10-11-01-01
ET17434;14-03-01-01
ET17442;14-07-01-01
ET17450;14-09-01-01
ET17566;14-01-01-01
ET17612;14-20-01-01
ET17760;14-15-01-01
ET17868;13-18-01-01
ET18228;14-14-01-01
ET18236;07-14-01-01
ET18309;01-27-01-02
ET18406;10-09-01-01
ET18481;10-16-01-01
ET18503;16-22-01-01
ET18589;10-12-01-01
ET19682;10-15-01-01
ET19895;16-35-01-02
ET3057186;18-40-01-01
ET305750K;18-35-01-01
ET3057518;18-36-01-01
ET3057526;18-37-01-01
ET3057542;18-38-01-01
ET47007;14-28-01-01
ET47015;14-30-01-01
ET47023;14-32-01-01
ET4704K;14-29-01-01
ET47082;14-34-01-01
ET47147;16-01-01-01
ET47155;16-03-01-01
ET47503;01-26-01-01
ET4752K;01-28-01-01
ET47546;01-25-01-01
ET47570;01-27-01-01
ET47589;01-28-01-02
ET47627;16-38-01-01
ET47694;08-34-01-01
ET47848;08-35-01-01
ET4976K;16-05-01-01
ET49867;09-16-01-01
ET49875;09-25-01-01
ET49883;09-24-01-01
ET8109;10-28-01-01
ET8168;10-27-01-01
ET8176;10-18-01-01
ET8265;10-31-01-01
ET829K;10-20-01-01
ET8370;01-01-01-01
ET8567;10-32-01-02
ET8591;10-19-01-01
ET8700028;09-31-01-01
ET8700036;09-34-01-01
ET8700052;09-32-01-01
ET8700060;09-35-01-01
ET8700087;09-33-01-01
ET8700176;10-34-01-01
ET8700184;10-36-01-01
ET8700192;10-33-01-01
ET8700206;10-37-01-01
ET8700370;09-21-01-01
ET8700389;09-26-01-01
ET8700729;07-17-01-01
ET8701024;10-35-01-01
ET870113K;15-20-01-01
ET8701288;09-22-01-01
ET8701296;09-23-01-01
ET8701571;15-30-01-01
ET8701806;16-31-01-01
ET8701814;16-30-01-02
ET8701881;15-22-01-01
ET870189K;01-34-01-01
ET8701954;14-21-01-01
ET8701962;14-22-01-01
ET8702020;09-04-01-01
ET8702039;09-02-01-01
ET8702047;09-06-01-01
ET8702055;09-11-01-01
ET8702063;09-10-01-01
ET8702152;16-32-01-01
ET8702160;14-25-01-01
ET8702233;09-01-01-01
ET8702357;01-37-01-01
ET8702535;13-34-01-01
ET8702632;15-21-01-01
ET8702772;14-37-01-01
ET8702780;14-38-01-01
ET8703272;16-37-01-01
ET8703345;09-28-01-01
ET8703353;09-30-01-01
ET8703361;09-27-01-01
ET870337K;07-38-01-01
ET8703388;07-37-01-01
ET8703396;07-35-01-01
ET8703531;07-10-01-01
ET8703752;15-13-01-01
ET8703760;15-14-01-01
ET8704007;18-24-01-01
ET8704015;18-27-01-01
ET8704023;18-18-01-01
ET870404K;18-23-01-01
ET8704058;18-25-01-01
ET8704082;18-30-01-01
ET8704090;18-20-01-01
ET8704147;18-47-01-04
ET8704171;18-48-01-06
ET870418K;18-47-01-01
ET8704198;18-48-01-03
ET8704201;18-47-01-06
ET870421K;18-48-01-05
ET8704228;18-48-01-01
ET8704236;18-49-01-02
ET8704244;18-49-01-03
ET8704252;18-49-01-01
ET8704325;18-47-01-02
ET8704333;18-47-01-03
ET8704406;18-50-01-02
ET8704473;18-50-01-10
ET8704481;18-49-01-06
ET870449K;18-50-01-07
ET8704503;18-50-01-04
ET8704511;18-50-01-09
ET870452K;18-50-01-05
ET8704538;18-51-01-02
ET8704546;18-51-01-06
ET8704554;18-51-01-01
ET8705836;18-49-01-05
ET8706468;18-51-01-08
ET8706476;18-52-01-04
ET8706484;18-51-01-09
ET8706492;18-51-01-10
ET8706506;18-52-01-05
ET8706514;18-52-01-03
ET8706522;18-52-01-01
ET8706530;16-09-01-01
ET8706557;16-07-01-01
ET8706565;16-08-01-01
ET8706573;18-32-01-01
ET8706611;16-11-01-01
ET870662K;16-10-01-01
ET8706840;14-26-01-01
ET8706875;13-20-01-01
ET8706891;16-19-01-01
ET8706905;15-03-01-01
ET8706913;14-33-01-01
ET8706921;10-14-01-01
ET870693K;14-11-01-01
ET8706980;18-28-01-01
ET8707049;14-24-01-01
ET8707065;13-30-01-01
ET8707138;18-31-01-01
ET8707154;01-26-01-02
ET8707170;16-33-01-02
ET8707219;14-36-01-02
ET8707391;07-23-01-01
ET8707405;14-35-01-01
ET8707413;14-31-01-01
ET8707421;14-36-01-01
ET870743K;14-27-01-01
ET8707448;14-32-01-02
ET8707456;15-29-01-01
ET8707480;01-25-01-02
ET870757K;15-32-01-01
ET8707588;15-34-01-01
ET8707596;15-33-01-01
ET870760K;15-35-01-02
ET8707618;15-31-01-01
ET8707642;10-38-01-01
ET8707650;15-37-01-01
ET8707669;15-38-01-01
ET8707677;15-38-01-02
ET8707685;15-35-01-01
ET8707693;15-36-01-01
ET8707707;07-22-01-01
ET8707731;07-21-01-01
ET870774K;18-19-01-01
ET8707790;07-16-01-01
ET870810K;10-24-01-01
ET870824K;10-30-01-01
ET8708312;15-12-01-01
ET8708371;18-17-01-01
ET8708495;13-29-01-01
ET8708517;16-31-01-02
ET8708525;15-17-01-01
ET8708541;14-23-01-01
ET870855K;15-15-01-01
ET8708568;10-22-01-01
ET8708576;10-25-01-01
ET8708584;10-23-01-01
ET870869K;13-38-01-01
ET8708703;13-37-01-01
ET8708711;13-36-01-01
ET8708738;13-36-01-02
ET8709017;16-15-01-01
ET8709033;16-12-01-01
ET8709122;13-33-01-01
ET8709130;13-32-01-02
ET8709157;15-18-01-01
ET8709475;18-45-01-01
ET8709483;18-45-01-02
ET8709556;18-42-01-05
ET8709572;18-42-01-04
ET8709807;18-45-01-03
ET870984K;18-42-01-06
ET8709866;18-46-01-08
ET8709904;18-42-01-02
ET8709971;18-44-01-10
ET8710058;18-42-01-03
ET8710112;18-44-01-09
ET8710244;18-47-01-05
ET8710252;18-50-01-03
ET8710376;18-26-01-02
ET8710384;18-33-01-03
ET8710783;18-22-01-01
ET871083K;15-37-01-02
ET8710937;18-33-01-02
ET8710953;07-11-01-01
ET8710961;10-26-01-01
ET871097K;09-29-01-01
ET8710988;07-36-01-01
ET8711100;15-25-01-01
ET8711119;15-23-01-01
ET8711445;09-08-01-01
ET8711526;18-46-01-06
ET8711550;18-49-01-04
ET8711569;18-52-01-08
ET8711577;18-51-01-07
ET8711739;08-08-01-01
ET8711747;08-27-01-01
ET8711755;08-20-01-01
ET8711763;08-28-01-01
ET8711771;08-21-01-01
ET8711798;08-28-01-02
ET8711801;08-09-01-01
ET871181K;08-26-01-02
ET8711828;18-09-01-01
ET8711836;18-10-01-01
ET8711844;08-06-01-01
ET8711852;08-24-01-01
ET8711860;08-10-01-01
ET8711887;08-25-01-02
ET8711895;08-05-01-01
ET8711917;08-11-01-01
ET8711925;08-27-01-02
ET8712077;08-13-01-01
ET8712085;08-16-01-01
ET8712093;08-15-01-01
ET8712107;08-22-01-01
ET8712131;08-24-01-02
ET871214K;08-23-01-01
ET8712158;08-17-01-01
ET8712409;08-03-01-01
ET8712417;08-18-01-01
ET8712425;08-01-01-01
ET8712468;13-33-01-02
ET8712476;13-35-01-02
ET8712670;08-26-01-01
ET8712689;08-31-01-01
ET8712697;08-31-01-02
ET8712700;16-37-01-02
ET8712719;16-36-01-01
ET8712727;16-25-01-01
ET8712735;16-35-01-01
ET8712743;08-32-01-01
ET8712751;18-11-01-01
ET8712808;18-42-01-01
ET8712816;18-46-01-07
ET8712824;18-50-01-06
ET8712832;18-52-01-07
ET8712840;18-48-01-02
ET8712859;18-50-01-01
ET8712867;18-52-01-06
ET8713103;15-24-01-01
ET871312K;18-16-01-02
ET8713162;09-09-01-01
ET8713189;18-33-01-04
ET8713278;09-05-01-01
ET8713286;08-25-01-01
ET8713294;16-14-01-01
ET8713359;18-21-01-01
ET8713421;18-25-01-02
ET8713464;08-22-01-02
ET8713472;16-13-01-01
ET8713529;09-12-01-01
ET8713545;18-48-01-04
ET8713561;18-50-01-08
ET871357K;18-52-01-02
ET871388K;16-24-01-01
ET8713898;16-29-01-01
ET8713901;08-12-01-01
ET871391K;08-19-01-01
ET8713928;14-12-01-01
ET8713936;14-13-01-01
ET8714150;13-34-01-02
ET8714169;18-46-01-03
ET8714185;18-46-01-02
ET8714193;18-46-01-01
ET8714215;18-45-01-10
ET8714231;18-45-01-09
ET871424K;18-45-01-08
ET8714258;18-45-01-07
ET8714266;18-45-01-06
ET8714274;18-45-01-05
ET8714282;18-45-01-04
ET8714290;18-53-01-01
ET8714304;18-43-01-05
ET8714320;18-44-01-08
ET8714347;18-44-01-07
ET8714355;18-44-01-06
ET8714371;18-44-01-05
ET8714398;18-44-01-04
ET8714401;18-44-01-03
ET871441K;18-44-01-02
ET8714428;18-44-01-01
ET8714436;18-43-01-10
ET8714444;18-43-01-09
ET8714452;18-43-01-08
ET8714460;18-43-01-04
ET8714479;18-43-01-03
ET8714487;18-43-01-02
ET8714495;18-43-01-01
ET8714509;18-42-01-10
ET8714517;18-42-01-09
ET8714525;18-42-01-08
ET8714541;18-53-01-02
ET8714622;13-35-01-01
ET8714657;18-46-01-05
ET8714665;18-43-01-07
ET8714703;18-13-01-01
ET8714738;01-35-01-01
ET8714754;09-18-01-01
ET8714762;09-17-01-01
ET8714843;15-27-01-01
ET871486K;08-29-01-01
ET8714886;15-26-01-01
ET8714932;18-42-01-07
ET8714959;13-27-01-01
ET8714983;16-06-01-01
ET8714991;08-14-01-01
ET8715084;18-29-01-01
ET8715246;16-28-01-01
ET8715254;18-26-01-01
ET8715289;09-07-01-01
ET8715319;08-29-01-02
ET8715327;16-16-01-01
ET8715335;07-20-01-01
ET8715343;18-12-01-01
ET871536K;18-56-01-01
ET8715378;07-18-01-01
ET8715394;18-25-01-03
ET8715408;16-34-01-01
ET8715416;08-32-01-02
ET8715424;07-33-01-01
ET8715432;07-30-01-01
ET8715440;07-32-01-01
ET8715459;07-28-01-01
ET8715467;07-31-01-01
ET8715475;07-26-01-01
ET8715483;07-25-01-01
ET8715491;07-27-01-01
ET8715505;07-34-01-01
ET8715513;07-29-01-01
ET871553K;15-28-01-01
ET8715548;08-30-01-01
ET8715653;18-25-01-04
ET871567K;18-34-01-02
ET8715696;18-39-01-01
ET8715718;18-34-01-01
ET8715742;18-34-01-03
ET8715793;18-41-01-02
ET8715807;18-41-01-01
ET8715815;18-41-01-03
ET8715882;08-07-01-01
ET8715890;09-37-01-01
ET8715912;09-36-01-01
ET8715939;08-23-01-02
ET8715947;09-03-01-01
ET871603K;09-38-01-01
ET8716048;18-46-01-04
ET8716056;18-43-01-06
ET8716226;18-52-01-10
ET8716234;18-53-01-03
ET8716242;18-53-01-04
ET8716250;18-51-01-03
ET8716269;18-51-01-05
ET8716277;18-53-01-05
ET8716285;18-51-01-04
ET8716293;18-53-01-06
ET8716307;18-53-01-07
ET8716315;18-55-01-01
ET8716323;18-53-01-08
ET8716331;18-53-01-09
ET8716358;18-53-01-10
ET8716374;18-52-01-09
ET8716382;18-54-01-01
ET8716390;18-54-01-02
ET8716404;18-54-01-03
ET8716412;18-54-01-04
ET8716420;18-54-01-05
ET8716447;18-54-01-06
ET8716455;18-54-01-07
ET8716463;18-54-01-08
ET8716471;18-54-01-09
ET8716722;18-29-01-03
ET8716730;18-33-01-01
ET8716749;18-29-01-02
ET8717176;01-29-01-01
ET8717184;01-33-01-01
ET8717230;18-19-01-02
ET8717303;09-20-01-01
ET8751382;14-18-01-01
ET8751471;14-16-01-01
ET875148K;14-17-01-01
ET8752192;09-15-01-01
ET9059;15-10-01-01
ET9091;16-23-01-01
ET9156;15-06-01-01
ET9199;16-18-01-01
ET9253;15-08-01-01
ET9296;16-21-01-01
ET9342;10-32-01-01
ET9350;15-11-01-01
ET9393;16-26-01-01
ET9539;16-20-01-01
ET9571;15-07-01-01
